<serialization xmlns="urn:tibco.com/v3.0" jsxversion="3.7">
  <name>Block - 100%</name>
  <icon>images/prototypes/block.gif</icon>
  <description>Simple block, relatively positioned with overflow=scroll.</description>
  <onBeforeDeserialize/>
  <onAfterDeserialize/>
  <object type="jsx3.gui.Block">
    <variants jsxoverflow="1" jsxheight="185"/>
    <strings jsxname="rootpane" jsxwidth="100%" jsxrelativeposition="1"/>
    <object type="jsx3.gui.Block">
      <variants jsxoverflow="2" jsxwidth="720" jsxheight="25" jsxrelativeposition="1" jsxleft="0" jsxtop="0"/>
      <strings jsxname="paneQuestion" jsxdisplay="" jsxvisibility="" jsxpadding="0" jsxmargin="0"/>
      <dynamics jsxborder="@No jsxborder"/>
      <object type="jsx3.gui.Block">
        <variants jsxoverflow="2" jsxheight="15"/>
        <strings jsxname="pane" jsxwidth="100%" jsxpadding="0" jsxmargin="0"/>
        <dynamics jsxborder="@No jsxborder"/>
        <object type="jsx3.gui.LayoutGrid">
          <variants jsxrelativeposition="0" jsxleft="0" jsxtop="0" jsxoverflow="2"/>
          <strings jsxname="layout ( | )" jsxcols="*" jsxwidth="100%" jsxheight="100%" jsxdisplay=""/>
          <object type="jsx3.gui.Block">
            <variants jsxoverflow="2"/>
            <strings jsxname="pane" jsxwidth="100%" jsxheight="100%" jsxpadding="0" jsxmargin="0 0 0 18"/>
            <dynamics jsxborder="@No jsxborder"/>
            <object type="jsx3.gui.Block">
              <variants jsxrelativeposition="1" jsxoverflow="3"/>
              <strings jsxname="labelKysymys" jsxtext="Kysymysteksti tähän" jsxclassname="FormLabel" jsxmargin="0" jsxpadding="0"/>
            </object>
          </object>
        </object>
      </object>
    </object>
    <object type="jsx3.gui.Block">
      <variants jsxoverflow="2" jsxwidth="720" jsxheight="90"/>
      <strings jsxname="paneEdit" jsxpadding="" jsxbgcolor=""/>
      <dynamics jsxborder="@No jsxborder"/>
      <object type="jsx3.gui.LayoutGrid">
        <variants jsxrelativeposition="1" jsxleft="0" jsxtop="0" jsxoverflow="2"/>
        <strings jsxname="layout (--)" jsxrows="50%,*" jsxwidth="100%" jsxheight="100%" jsxdisplay=""/>
        <object type="jsx3.gui.Block">
          <variants jsxoverflow="2"/>
          <strings jsxname="pane" jsxwidth="100%" jsxheight="100%" jsxborder=""/>
          <object type="jsx3.gui.LayoutGrid">
            <variants jsxrelativeposition="1" jsxleft="0" jsxtop="0" jsxoverflow="2"/>
            <strings jsxname="layout ( | )" jsxcols="20%,20%,*" jsxwidth="100%" jsxheight="100%" jsxdisplay=""/>
            <dynamics jsxborder="@No jsxborder"/>
            <object type="jsx3.gui.Block">
              <variants jsxoverflow="2"/>
              <strings jsxname="pane" jsxwidth="100%" jsxheight="100%" jsxpadding="" jsxbgcolor=""/>
              <dynamics jsxborder="@No jsxborder"/>
              <object type="jsx3.gui.Block">
                <variants jsxrelativeposition="1" jsxoverflow="3"/>
                <strings jsxname="label" jsxtext="Aikataso" jsxclassname="FormLabel"/>
              </object>
              <object type="com.intalio.ria.Field">
                <variants/>
                <strings riaLabelText="level" jsxname="level-field" riaErrorImageSrc="images/error.gif" jsxclassname="field" riaHelpImageSrc="images/help.gif"/>
                <object type="jsx3.gui.Select">
                  <variants jsxwidth="100" jsxheight="18" jsxtype="1" jsxxmlasync="1"/>
                  <strings jsxname="aikataso" jsxvalue="" jsxmargin="0 4 0 0" jsxxml="&lt;data&gt; &lt;record jsxid=&quot;Viikko&quot; jsxtext=&quot;Viikko&quot;/&gt; &lt;record jsxid=&quot;Paiva&quot; jsxtext=&quot;Päivä&quot;/&gt; &lt;record jsxid=&quot;Tunti&quot; jsxtext=&quot;Tunti&quot;/&gt; &lt;/data&gt;" jsxxmlid="" jsxdefaulttext="- Valitse -"/>
                  <events onmousedown="this.style.backgroundColor='';" onkeyup="jsx3.out('a server call could be made here to perform a lookup on the value, ' + this.childNodes[0].value + '.');" jsxselect="com.intalio.ria.validate(this, objEVENT);setChoicesForCalendar(this);"/>
                </object>
              </object>
            </object>
          </object>
        </object>
        <object type="jsx3.gui.Block">
          <variants jsxoverflow="2"/>
          <strings jsxname="pane" jsxwidth="100%" jsxheight="100%" jsxborder=""/>
          <object type="jsx3.gui.LayoutGrid">
            <variants jsxrelativeposition="1" jsxleft="0" jsxtop="0" jsxoverflow="2"/>
            <strings jsxname="layout ( | )" jsxcols="20%,20%,20%,*" jsxwidth="100%" jsxheight="100%" jsxdisplay=""/>
            <dynamics jsxborder="@No jsxborder"/>
            <object type="jsx3.gui.Block">
              <variants jsxoverflow="2"/>
              <strings jsxname="pane" jsxwidth="100%" jsxheight="100%" jsxpadding="" jsxbgcolor=""/>
              <dynamics jsxborder="@No jsxborder"/>
              <object type="jsx3.gui.Block">
                <variants jsxrelativeposition="1" jsxoverflow="3"/>
                <strings jsxname="label" jsxtext="Aloituspäivämäärä" jsxclassname="FormLabel"/>
              </object>
              <object type="com.intalio.ria.Field">
                <variants/>
                <strings riaLabelText="startDate" jsxname="startDate-field" riaErrorImageSrc="images/error.gif" jsxclassname="field" riaHelpImageSrc="images/help.gif"/>
                <object type="jsx3.gui.DatePicker">
                  <variants jsxwidth="100" jsxrelativeposition="1" jsxheight="18" jsxfirstweekday="1"/>
                  <strings jsxname="aloitusPvm" jsxmargin="0 4 0 0" jsxformat="dd-MM-yyyy"/>
                  <events jsxhide="com.intalio.ria.validate(this);" jsxchange="checkDateNotBefore(newDATE, this.getParent().getParent().getParent().getDescendantOfName(&quot;lopetusPvm&quot;).getDate(), &quot;Aloituspäivämäärä ei voi olla  lopetuspäivämäärän jälkeen&quot;);"/>
                </object>
              </object>
            </object>
            <object type="jsx3.gui.Block">
              <variants jsxoverflow="2"/>
              <strings jsxname="pane" jsxwidth="100%" jsxheight="100%" jsxpadding="" jsxbgcolor="" jsxdisplay=""/>
              <dynamics jsxborder="@No jsxborder"/>
              <object type="jsx3.gui.Block">
                <variants jsxrelativeposition="1" jsxoverflow="3"/>
                <strings jsxname="label" jsxtext="Lopetuspäivämäärä" jsxclassname="FormLabel"/>
              </object>
              <object type="com.intalio.ria.Field">
                <variants/>
                <strings riaLabelText="endDate" jsxname="endDate-field" riaErrorImageSrc="images/error.gif" jsxclassname="field" riaHelpImageSrc="images/help.gif" jsxdisplay=""/>
                <object type="jsx3.gui.DatePicker">
                  <variants jsxwidth="100" jsxrelativeposition="1" jsxheight="18" jsxfirstweekday="1"/>
                  <strings jsxname="lopetusPvm" jsxmargin="0 4 0 0" jsxformat="dd-MM-yyyy"/>
                  <events jsxhide="com.intalio.ria.validate(this);" jsxchange="checkDateNotBefore(this.getParent().getParent().getParent().getDescendantOfName(&quot;aloitusPvm&quot;).getDate(), newDATE, &quot;Lopetuspäivämäärä ei voi olla ennen aloituspäivämäärää&quot;);"/>
                </object>
              </object>
            </object>
          </object>
        </object>
      </object>
    </object>
    <object type="jsx3.gui.Block">
      <variants jsxoverflow="2" jsxwidth="720" jsxheight="50"/>
      <strings jsxname="paneHours" jsxpadding="" jsxbgcolor="" jsxdisplay="none"/>
      <dynamics jsxborder="@No jsxborder"/>
      <object type="jsx3.gui.LayoutGrid">
        <variants jsxrelativeposition="1" jsxleft="0" jsxtop="0" jsxoverflow="2"/>
        <strings jsxname="layout (--)" jsxrows="*" jsxwidth="100%" jsxheight="100%" jsxdisplay=""/>
        <object type="jsx3.gui.Block">
          <variants jsxoverflow="2"/>
          <strings jsxname="pane" jsxwidth="100%" jsxheight="100%" jsxborder="" jsxdisplay=""/>
          <object type="jsx3.gui.LayoutGrid">
            <variants jsxrelativeposition="1" jsxleft="0" jsxtop="0" jsxoverflow="2"/>
            <strings jsxname="layout ( | )" jsxcols="20%,20%,*" jsxwidth="100%" jsxheight="100%" jsxdisplay=""/>
            <dynamics jsxborder="@No jsxborder"/>
            <object type="jsx3.gui.Block">
              <variants jsxoverflow="2"/>
              <strings jsxname="pane" jsxwidth="100%" jsxheight="100%" jsxpadding="" jsxbgcolor=""/>
              <dynamics jsxborder="@No jsxborder"/>
              <object type="jsx3.gui.Block">
                <variants jsxrelativeposition="1" jsxoverflow="3"/>
                <strings jsxname="label" jsxtext="Aloitusaika" jsxclassname="FormLabel"/>
              </object>
              <object type="com.intalio.ria.Field">
                <variants/>
                <strings riaLabelText="hours" jsxname="hours-field" riaErrorImageSrc="images/error.gif" jsxclassname="field" riaHelpImageSrc="images/help.gif"/>
                <object type="jsx3.gui.Select">
                  <variants jsxwidth="100" jsxheight="18" jsxtype="1" jsxxmlasync="1"/>
                  <strings jsxname="aloitusAika" jsxvalue="" jsxmargin="0 4 0 0" jsxxml="&lt;data&gt; &lt;record jsxid=&quot;00:00&quot; jsxtext=&quot;00:00&quot;/&gt;  &lt;record jsxid=&quot;01:00&quot; jsxtext=&quot;01:00&quot;/&gt;  &lt;record jsxid=&quot;02:00&quot; jsxtext=&quot;02:00&quot;/&gt;  &lt;record jsxid=&quot;03:00&quot; jsxtext=&quot;03:00&quot;/&gt;  &lt;record jsxid=&quot;04:00&quot; jsxtext=&quot;04:00&quot;/&gt;  &lt;record jsxid=&quot;05:00&quot; jsxtext=&quot;05:00&quot;/&gt;  &lt;record jsxid=&quot;06:00&quot; jsxtext=&quot;06:00&quot;/&gt;  &lt;record jsxid=&quot;07:00&quot; jsxtext=&quot;07:00&quot;/&gt;  &lt;record jsxid=&quot;08:00&quot; jsxtext=&quot;08:00&quot;/&gt;  &lt;record jsxid=&quot;09:00&quot; jsxtext=&quot;09:00&quot;/&gt;  &lt;record jsxid=&quot;10:00&quot; jsxtext=&quot;10:00&quot;/&gt;  &lt;record jsxid=&quot;11:00&quot; jsxtext=&quot;11:00&quot;/&gt;  &lt;record jsxid=&quot;12:00&quot; jsxtext=&quot;12:00&quot;/&gt;  &lt;record jsxid=&quot;13:00&quot; jsxtext=&quot;13:00&quot;/&gt;  &lt;record jsxid=&quot;14:00&quot; jsxtext=&quot;14:00&quot;/&gt;  &lt;record jsxid=&quot;15:00&quot; jsxtext=&quot;15:00&quot;/&gt;  &lt;record jsxid=&quot;16:00&quot; jsxtext=&quot;16:00&quot;/&gt;  &lt;record jsxid=&quot;17:00&quot; jsxtext=&quot;17:00&quot;/&gt;  &lt;record jsxid=&quot;18:00&quot; jsxtext=&quot;18:00&quot;/&gt;  &lt;record jsxid=&quot;19:00&quot; jsxtext=&quot;19:00&quot;/&gt;  &lt;record jsxid=&quot;20:00&quot; jsxtext=&quot;20:00&quot;/&gt;  &lt;record jsxid=&quot;21:00&quot; jsxtext=&quot;21:00&quot;/&gt; &lt;record jsxid=&quot;22:00&quot; jsxtext=&quot;22:00&quot;/&gt;  &lt;record jsxid=&quot;23:00&quot; jsxtext=&quot;23:00&quot;/&gt; &lt;/data&gt;" jsxxmlid="" jsxdefaulttext="- Valitse -"/>
                  <events onmousedown="this.style.backgroundColor='';" onkeyup="jsx3.out('a server call could be made here to perform a lookup on the value, ' + this.childNodes[0].value + '.');" jsxselect="com.intalio.ria.validate(this, objEVENT);checkTimeNotBefore(this,this.getParent().getParent().getParent().getDescendantOfName(&quot;lopetusAika&quot;),&quot;Aloitusaika ei voi olla lopetusajan jälkeen&quot;,&quot;aloitus&quot;);" jsxbeforeselect=""/>
                </object>
              </object>
            </object>
            <object type="jsx3.gui.Block">
              <variants jsxoverflow="2"/>
              <strings jsxname="pane" jsxwidth="100%" jsxheight="100%" jsxpadding="" jsxbgcolor=""/>
              <dynamics jsxborder="@No jsxborder"/>
              <object type="jsx3.gui.Block">
                <variants jsxrelativeposition="1" jsxoverflow="3"/>
                <strings jsxname="label" jsxtext="Lopetusaika" jsxclassname="FormLabel"/>
              </object>
              <object type="com.intalio.ria.Field">
                <variants/>
                <strings riaLabelText="hours" jsxname="hours-field" riaErrorImageSrc="images/error.gif" jsxclassname="field" riaHelpImageSrc="images/help.gif"/>
                <object type="jsx3.gui.Select">
                  <variants jsxwidth="100" jsxheight="18" jsxtype="1" jsxxmlasync="1"/>
                  <strings jsxname="lopetusAika" jsxvalue="" jsxmargin="0 4 0 0" jsxxml="&lt;data&gt; &lt;record jsxid=&quot;00:00&quot; jsxtext=&quot;00:00&quot;/&gt;  &lt;record jsxid=&quot;01:00&quot; jsxtext=&quot;01:00&quot;/&gt;  &lt;record jsxid=&quot;02:00&quot; jsxtext=&quot;02:00&quot;/&gt;  &lt;record jsxid=&quot;03:00&quot; jsxtext=&quot;03:00&quot;/&gt;  &lt;record jsxid=&quot;04:00&quot; jsxtext=&quot;04:00&quot;/&gt;  &lt;record jsxid=&quot;05:00&quot; jsxtext=&quot;05:00&quot;/&gt;  &lt;record jsxid=&quot;06:00&quot; jsxtext=&quot;06:00&quot;/&gt;  &lt;record jsxid=&quot;07:00&quot; jsxtext=&quot;07:00&quot;/&gt;  &lt;record jsxid=&quot;08:00&quot; jsxtext=&quot;08:00&quot;/&gt;  &lt;record jsxid=&quot;09:00&quot; jsxtext=&quot;09:00&quot;/&gt;  &lt;record jsxid=&quot;10:00&quot; jsxtext=&quot;10:00&quot;/&gt;  &lt;record jsxid=&quot;11:00&quot; jsxtext=&quot;11:00&quot;/&gt;  &lt;record jsxid=&quot;12:00&quot; jsxtext=&quot;12:00&quot;/&gt;  &lt;record jsxid=&quot;13:00&quot; jsxtext=&quot;13:00&quot;/&gt;  &lt;record jsxid=&quot;14:00&quot; jsxtext=&quot;14:00&quot;/&gt;  &lt;record jsxid=&quot;15:00&quot; jsxtext=&quot;15:00&quot;/&gt;  &lt;record jsxid=&quot;16:00&quot; jsxtext=&quot;16:00&quot;/&gt;  &lt;record jsxid=&quot;17:00&quot; jsxtext=&quot;17:00&quot;/&gt;  &lt;record jsxid=&quot;18:00&quot; jsxtext=&quot;18:00&quot;/&gt;  &lt;record jsxid=&quot;19:00&quot; jsxtext=&quot;19:00&quot;/&gt;  &lt;record jsxid=&quot;20:00&quot; jsxtext=&quot;20:00&quot;/&gt;  &lt;record jsxid=&quot;21:00&quot; jsxtext=&quot;21:00&quot;/&gt; &lt;record jsxid=&quot;22:00&quot; jsxtext=&quot;22:00&quot;/&gt;  &lt;record jsxid=&quot;23:00&quot; jsxtext=&quot;23:00&quot;/&gt; &lt;/data&gt;" jsxxmlid="" jsxdefaulttext="- Valitse -"/>
                  <events onmousedown="this.style.backgroundColor='';" onkeyup="jsx3.out('a server call could be made here to perform a lookup on the value, ' + this.childNodes[0].value + '.');" jsxselect="com.intalio.ria.validate(this, objEVENT);checkTimeNotBefore(this.getParent().getParent().getParent().getDescendantOfName(&quot;aloitusAika&quot;),this,&quot;Lopetusaika ei voi olla ennen aloitusaikaa&quot;,&quot;lopetus&quot;);" jsxbeforeselect=""/>
                </object>
              </object>
            </object>
          </object>
        </object>
      </object>
    </object>
    <object type="jsx3.gui.Block">
      <variants jsxoverflow="2" jsxwidth="720" jsxheight="30"/>
      <strings jsxname="paneAddButton" jsxpadding="" jsxbgcolor=""/>
      <dynamics jsxborder="@No jsxborder"/>
      <object type="jsx3.gui.LayoutGrid">
        <variants jsxrelativeposition="1" jsxleft="0" jsxtop="0" jsxoverflow="2"/>
        <strings jsxname="layout (--)" jsxrows="*" jsxwidth="100%" jsxheight="100%" jsxdisplay=""/>
        <object type="jsx3.gui.Block">
          <variants jsxoverflow="2" jsxwidth="720" jsxheight="50"/>
          <strings jsxname="pane" jsxpadding="" jsxbgcolor=""/>
          <dynamics jsxborder="@No jsxborder"/>
          <object type="jsx3.gui.LayoutGrid">
            <variants jsxrelativeposition="1" jsxleft="0" jsxtop="0" jsxoverflow="2"/>
            <strings jsxname="layout ( | )" jsxcols="20%,36%,39%" jsxwidth="100%" jsxheight="100%" jsxdisplay=""/>
            <dynamics jsxborder="@No jsxborder"/>
            <object type="jsx3.gui.Block">
              <variants jsxoverflow="2"/>
              <strings jsxname="pane" jsxwidth="100%" jsxheight="100%" jsxpadding="" jsxbgcolor="" jsxmargin="0 0 0 20"/>
              <dynamics jsxborder="@No jsxborder"/>
              <object type="jsx3.gui.Button">
                <variants jsxindex="0" jsxheight="18"/>
                <strings jsxname="lisaaVaihtoehdot" jsxtext="Lisää ajankohdat" jsxmargin="0 4 0 0"/>
                <events jsxexecute="addCalendarChoices(this.getParent().getParent().getParent().getParent().getParent().getParent().getName());"/>
              </object>
            </object>
            <object type="jsx3.gui.Block">
              <variants jsxoverflow="2"/>
              <strings jsxname="pane" jsxwidth="100%" jsxheight="100%" jsxpadding="" jsxbgcolor="" jsxmargin="0 0 0 20"/>
              <dynamics jsxborder="@No jsxborder"/>
            </object>
            <object type="jsx3.gui.Block">
              <variants jsxoverflow="2"/>
              <strings jsxname="pane" jsxwidth="100%" jsxheight="100%" jsxpadding="" jsxbgcolor="" jsxmargin="0 0 0 20" jsxdisplay="none"/>
              <dynamics jsxborder="@No jsxborder"/>
              <object type="jsx3.gui.Button">
                <variants jsxindex="0" jsxheight="18"/>
                <strings jsxname="poistaTapaamiset" jsxtext="Poista ajankohdat" jsxmargin="0 4 0 0"/>
                <events jsxexecute="clearAppointments();"/>
              </object>
            </object>
          </object>
        </object>
      </object>
    </object>
    <object type="jsx3.gui.Block">
      <variants jsxoverflow="2" jsxwidth="720" jsxheight="0" jsxrelativeposition="1" jsxleft="0" jsxtop="0"/>
      <strings jsxname="choiceBlock" jsxdisplay="" jsxvisibility=""/>
      <dynamics jsxborder="@No jsxborder"/>
      <object type="jsx3.gui.TextBox">
        <variants/>
        <strings jsxvalue="0" jsxname="checkID" jsxmargin="0 4 0 0" jsxdisplay="none"/>
        <events jsxfocus="com.intalio.ria.highlightTextInput(this, false);" jsxblur="com.intalio.ria.highlightTextInput(this, true);"/>
      </object>
      <object type="jsx3.gui.TextBox">
        <variants/>
        <strings jsxvalue="0" jsxname="choiceLabelID" jsxmargin="0 4 0 0" jsxdisplay="none"/>
        <events jsxfocus="com.intalio.ria.highlightTextInput(this, false);" jsxblur="com.intalio.ria.highlightTextInput(this, true);"/>
      </object>
    </object>
    <object type="jsx3.gui.Block">
      <variants jsxoverflow="2" jsxheight="40"/>
      <strings jsxname="paneDelete" jsxwidth="100%" jsxpadding="0" jsxmargin="0"/>
      <dynamics jsxborder="@No jsxborder"/>
      <object type="jsx3.gui.LayoutGrid">
        <variants jsxrelativeposition="0" jsxleft="0" jsxtop="0" jsxoverflow="2"/>
        <strings jsxname="layout ( | )" jsxcols="*" jsxwidth="100%" jsxheight="100%"/>
        <object type="jsx3.gui.Block">
          <variants jsxoverflow="2"/>
          <strings jsxname="pane" jsxwidth="100%" jsxheight="100%" jsxpadding="0" jsxmargin="0 0 0 8"/>
          <dynamics jsxborder="@No jsxborder"/>
          <object type="jsx3.gui.Button">
            <variants jsxindex="0" jsxheight="18"/>
            <strings jsxname="deleteButton" jsxtext="Poista" jsxmargin="0 4 0 12" jsxclassname=""/>
            <events jsxexecute="removeThisSection(this.getParent().getParent().getParent().getParent(),&quot;multiplechoice&quot;);"/>
          </object>
        </object>
      </object>
    </object>
    <object type="jsx3.gui.TextBox">
      <variants/>
      <strings jsxname="tempID" jsxmargin="0 4 0 0" jsxdisplay="none" jsxvalue="0"/>
      <events jsxfocus="com.intalio.ria.highlightTextInput(this, false);" jsxblur="com.intalio.ria.highlightTextInput(this, true);"/>
    </object>
    <object type="jsx3.gui.TextBox">
      <variants/>
      <strings jsxname="choiceCounter" jsxmargin="0 4 0 0" jsxdisplay="none" jsxvalue="0"/>
      <events jsxfocus="com.intalio.ria.highlightTextInput(this, false);" jsxblur="com.intalio.ria.highlightTextInput(this, true);"/>
    </object>
  </object>
</serialization>