﻿<?xml version='1.0' encoding='UTF-8'?>
<dd:deploy xmlns:dd="http://www.apache.org/ode/schemas/dd/2007/03"><dd:process xmlns:Pyynto="http://arcusys.fi/Processes/Tiva_Tietopyynto/Pyynto" xmlns:KokuTietopyyntoProcessingServiceImpl="http://soa.tiva.koku.arcusys.fi/" xmlns:xs="http://www.w3.org/2001/XMLSchema" xmlns:Tiva_Tietopyynto_init_Form="http://www.intalio.com/gi/Forms/Tiva_Tietopyynto_init_Form.gi/attachments" xmlns:dd="http://www.apache.org/ode/schemas/dd/2007/03" xmlns:diag="http://arcusys.fi/Processes/Tiva_Tietopyynto" xmlns:Services="http://arcusys.fi/Processes/Tiva_Tietopyynto/Services" xmlns:tns="http://www.arcusys.fi/Tiva_Tietopyynto" xmlns:Tiva_Tietopyynto_init_Form1="http://www.intalio.com/gi/Forms/Tiva_Tietopyynto_init_Form.gi" xmlns:Tiva_Tietopyynto_Response_Form="http://www.intalio.com/gi/Forms/Tiva_Tietopyynto_Response_Form.gi" xmlns:attachments="http://www.intalio.com/gi/Forms/Tiva_Tietopyynto_Response_Form.gi/attachments" xmlns:this="http://arcusys.fi/Processes/Tiva_Tietopyynto/Prosessi" xmlns:UsersAndGroupsServiceImpl="http://soa.common.koku.arcusys.fi/" xmlns:Vastaus="http://arcusys.fi/Processes/Tiva_Tietopyynto/Vastaus" xmlns:xsi="http://www.w3.org/2001/XMLSchema-instance" name="this:Prosessi" fileName="Processes/Tiva_Tietopyynto-Prosessi.bpel">
  <dd:property name="PATH">Processes/Tiva_Tietopyynto</dd:property>
  <dd:property name="SVG">Processes/Tiva_Tietopyynto.svg</dd:property>
  <dd:invoke partnerLink="servicesAndProsessiForKokuTietopyyntoProcessingServicePortPlkVar">
    <dd:service name="KokuTietopyyntoProcessingServiceImpl:KokuTietopyyntoProcessingService" port="KokuTietopyyntoProcessingServicePort"></dd:service>
  </dd:invoke>
  <dd:invoke partnerLink="servicesAndProsessiForUsersAndGroupsServicePortPlkVar">
    <dd:service name="UsersAndGroupsServiceImpl:UsersAndGroupsService" port="UsersAndGroupsServicePort"></dd:service>
  </dd:invoke>
  <dd:provide partnerLink="pyyntoAndProsessiForPortTypeProcessPlkVar">
    <dd:service name="this:PyyntoAndProsessiForPortTypeProcessPlkService" port="Prosessi_for_PyyntoPort"></dd:service>
  </dd:provide>
  <dd:provide partnerLink="wFmagic_HdcnsPP9EeCaoK6-NKuILQPlkVar">
    <dd:service name="this:WFmagic_HdcnsPP9EeCaoK6-NKuILQService" port="Prosessi_for_VastausForThePortTypeProcessPort"></dd:service>
  </dd:provide>
  <dd:invoke partnerLink="wFmagic_HdcnsPP9EeCaoK6-NKuILQPlkVar">
    <dd:service name="Tiva_Tietopyynto_Response_Form:WorkflowSoapService" port="Tiva_Tietopyynto_Response_FormPort"></dd:service>
  </dd:invoke>
</dd:process></dd:deploy>