<serialization xmlns="urn:tibco.com/v3.0" jsxversion="3.7">
  <name>Fieldset</name>
  <icon>images/prototypes/block.gif</icon>
  <description>Fieldset.</description>
  <onBeforeDeserialize/>
  <onAfterDeserialize/>
  <object type="com.intalio.ria.Section">
    <variants/>
    <strings riaTitleText="Tekstikentän otsikko" jsxname="fieldset" jsxclassname="fieldset"/>
    <object type="jsx3.gui.Block">
      <variants jsxoverflow="2" jsxwidth="720" jsxheight="200" jsxrelativeposition="1" jsxleft="0" jsxtop="0"/>
      <strings jsxname="pane" jsxdisplay="" jsxvisibility=""/>
      <dynamics jsxborder="@No jsxborder"/>
      <object type="jsx3.gui.LayoutGrid">
        <variants jsxrelativeposition="0" jsxleft="0" jsxtop="0" jsxoverflow="2"/>
        <strings jsxname="layout (--)" jsxrows="15%,70%,*" jsxwidth="100%" jsxheight="100%"/>
        <object type="jsx3.gui.Block">
          <variants jsxoverflow="2"/>
          <strings jsxname="pane" jsxwidth="100%" jsxheight="100%"/>
          <dynamics jsxborder="@No jsxborder"/>
          <object type="jsx3.gui.LayoutGrid">
            <variants jsxrelativeposition="0" jsxleft="0" jsxtop="0" jsxoverflow="2"/>
            <strings jsxname="layout ( | )" jsxcols="*" jsxwidth="100%" jsxheight="100%"/>
            <object type="jsx3.gui.Block">
              <variants jsxoverflow="2"/>
              <strings jsxname="pane" jsxwidth="100%" jsxheight="100%"/>
              <dynamics jsxborder="@No jsxborder"/>
              <object type="jsx3.gui.Block">
                <variants jsxrelativeposition="1" jsxoverflow="3"/>
                <strings jsxname="labelKysymys" jsxtext="Kysymys" jsxclassname="FormLabel"/>
              </object>
            </object>
          </object>
        </object>
        <object type="jsx3.gui.Block">
          <variants jsxoverflow="2"/>
          <strings jsxname="pane" jsxwidth="100%" jsxheight="100%"/>
          <dynamics jsxborder="@No jsxborder"/>
          <object type="jsx3.gui.LayoutGrid">
            <variants jsxrelativeposition="0" jsxleft="0" jsxtop="0" jsxoverflow="2"/>
            <strings jsxname="layout ( | )" jsxcols="*" jsxwidth="100%" jsxheight="100%"/>
            <object type="jsx3.gui.Block">
              <variants jsxoverflow="2"/>
              <strings jsxname="pane" jsxwidth="100%" jsxheight="100%"/>
              <dynamics jsxborder="@No jsxborder"/>
              <object type="jsx3.gui.Block">
                <variants jsxrelativeposition="1" jsxoverflow="3"/>
                <strings jsxname="label" jsxtext="Vastaus" jsxclassname="FormLabel" jsxdisplay="none"/>
              </object>
              <object type="com.intalio.ria.Field">
                <variants/>
                <strings jsxname="textinput-field" jsxclassname="field" riaLabelText="[Text input label]" riaHelpImageSrc="images/help.gif" riaErrorImageSrc="images/error.gif"/>
                <object type="jsx3.gui.TextBox">
                  <variants jsxwidth="700" jsxheight="100" jsxtype="1"/>
                  <strings jsxname="textbox" jsxmargin="0 4 0 0" jsxvalue=""/>
                  <events jsxfocus="com.intalio.ria.highlightTextInput(this, false);" jsxblur="com.intalio.ria.highlightTextInput(this, true);" jsxchange="com.intalio.ria.validate(this, objEVENT);" jsxincchange="com.intalio.ria.validate(this, objEVENT);"/>
                </object>
              </object>
            </object>
          </object>
        </object>
        <object type="jsx3.gui.Block">
          <variants jsxoverflow="2"/>
          <strings jsxname="pane" jsxwidth="100%" jsxheight="100%"/>
          <dynamics jsxborder="@No jsxborder"/>
          <object type="jsx3.gui.LayoutGrid">
            <variants jsxrelativeposition="0" jsxleft="0" jsxtop="0" jsxoverflow="2"/>
            <strings jsxname="layout ( | )" jsxcols="*" jsxwidth="100%" jsxheight="100%"/>
            <object type="jsx3.gui.Block">
              <variants jsxoverflow="2"/>
              <strings jsxname="pane" jsxwidth="100%" jsxheight="100%"/>
              <dynamics jsxborder="@No jsxborder"/>
              <object type="jsx3.gui.Button">
                <variants jsxindex="0" jsxheight="18"/>
                <strings jsxname="button" jsxtext="Poista" jsxmargin="0 4 0 0" jsxclassname=""/>
                <events jsxexecute="removeThisSection(this.getParent().getParent().getParent().getParent().getParent().getParent());"/>
              </object>
            </object>
          </object>
        </object>
      </object>
    </object>
  </object>
</serialization>