<serialization xmlns="urn:tibco.com/v3.0" jsxversion="3.7">
  <name>Fieldset</name>
  <icon>images/prototypes/block.gif</icon>
  <description>Fieldset.</description>
  <onBeforeDeserialize/>
  <onAfterDeserialize/>
  <object type="com.intalio.ria.Section">
    <variants/>
    <strings riaTitleText="Tekstikentän otsikko" jsxname="fieldset" jsxclassname="fieldset"/>
    <object type="jsx3.gui.Block">
      <variants jsxoverflow="2" jsxwidth="720" jsxheight="130" jsxrelativeposition="1" jsxleft="0" jsxtop="0"/>
      <strings jsxname="pane" jsxdisplay="" jsxvisibility=""/>
      <dynamics jsxborder="@No jsxborder"/>
      <object type="jsx3.gui.LayoutGrid">
        <variants jsxrelativeposition="0" jsxleft="0" jsxtop="0" jsxoverflow="2"/>
        <strings jsxname="layout (--)" jsxrows="20%,5%,20%,30%,*" jsxwidth="100%" jsxheight="100%"/>
        <object type="jsx3.gui.Block">
          <variants jsxoverflow="2"/>
          <strings jsxname="pane" jsxwidth="100%" jsxheight="100%"/>
          <dynamics jsxborder="@No jsxborder"/>
          <object type="jsx3.gui.LayoutGrid">
            <variants jsxrelativeposition="0" jsxleft="0" jsxtop="0" jsxoverflow="2"/>
            <strings jsxname="layout ( | )" jsxcols="*" jsxwidth="100%" jsxheight="100%"/>
            <object type="jsx3.gui.Block">
              <variants jsxoverflow="2"/>
              <strings jsxname="pane" jsxwidth="100%" jsxheight="100%"/>
              <dynamics jsxborder="@No jsxborder"/>
              <object type="jsx3.gui.Block">
                <variants jsxrelativeposition="1" jsxoverflow="3"/>
                <strings jsxname="labelKysymys" jsxtext="Kysymys" jsxclassname="FormLabel"/>
              </object>
            </object>
          </object>
        </object>
        <object type="jsx3.gui.Block">
          <variants jsxoverflow="2"/>
          <strings jsxname="pane" jsxwidth="100%" jsxheight="100%"/>
          <dynamics jsxborder="@No jsxborder"/>
          <object type="jsx3.gui.LayoutGrid">
            <variants jsxrelativeposition="0" jsxleft="0" jsxtop="0" jsxoverflow="2"/>
            <strings jsxname="layout ( | )" jsxcols="*" jsxwidth="100%" jsxheight="100%"/>
            <object type="jsx3.gui.Block">
              <variants jsxoverflow="2"/>
              <strings jsxname="pane" jsxwidth="100%" jsxheight="100%"/>
              <dynamics jsxborder="@No jsxborder"/>
              <object type="jsx3.gui.Block">
                <variants jsxrelativeposition="1" jsxoverflow="3"/>
                <strings jsxname="label" jsxtext="Vastaus" jsxclassname="FormLabel" jsxdisplay="none"/>
              </object>
            </object>
          </object>
        </object>
        <object type="jsx3.gui.Block">
          <variants jsxoverflow="2"/>
          <strings jsxname="pane" jsxwidth="100%" jsxheight="100%"/>
          <dynamics jsxborder="@No jsxborder"/>
          <object type="jsx3.gui.LayoutGrid">
            <variants jsxrelativeposition="0" jsxleft="0" jsxtop="0" jsxoverflow="2"/>
            <strings jsxname="layout ( | )" jsxcols="5%,*" jsxwidth="100%" jsxheight="100%"/>
            <object type="jsx3.gui.Block">
              <variants jsxoverflow="2"/>
              <strings jsxname="pane" jsxwidth="100%" jsxheight="100%"/>
              <dynamics jsxborder="@No jsxborder"/>
              <object type="com.intalio.ria.Field">
                <variants/>
                <strings jsxname="yes-field" jsxclassname="field" riaLabelText="[Text input label]" riaHelpImageSrc="images/help.gif" riaErrorImageSrc="images/error.gif"/>
                <object type="jsx3.gui.CheckBox">
                  <variants jsxheight="18" jsxchecked="0"/>
                  <strings jsxname="yes" jsxmargin="0 4 0 0"/>
                  <events jsxtoggle="com.intalio.ria.validate(this, objEVENT, intCHECKED);"/>
                </object>
              </object>
            </object>
            <object type="jsx3.gui.Block">
              <variants jsxoverflow="2"/>
              <strings jsxname="pane" jsxwidth="100%" jsxheight="100%" jsxpadding="6px"/>
              <dynamics jsxborder="@No jsxborder"/>
              <object type="jsx3.gui.Block">
                <variants jsxrelativeposition="1" jsxoverflow="3"/>
                <strings jsxname="label" jsxtext="Kyllä" jsxclassname="FormLabel"/>
              </object>
            </object>
          </object>
        </object>
        <object type="jsx3.gui.Block">
          <variants jsxoverflow="2"/>
          <strings jsxname="pane" jsxwidth="100%" jsxheight="100%"/>
          <dynamics jsxborder="@No jsxborder"/>
          <object type="jsx3.gui.LayoutGrid">
            <variants jsxrelativeposition="0" jsxleft="0" jsxtop="0" jsxoverflow="2"/>
            <strings jsxname="layout ( | )" jsxcols="5%,*" jsxwidth="100%" jsxheight="100%"/>
            <object type="jsx3.gui.Block">
              <variants jsxoverflow="2"/>
              <strings jsxname="pane" jsxwidth="100%" jsxheight="100%"/>
              <dynamics jsxborder="@No jsxborder"/>
              <object type="com.intalio.ria.Field">
                <variants/>
                <strings jsxname="no-field" jsxclassname="field" riaLabelText="[Text input label]" riaHelpImageSrc="images/help.gif" riaErrorImageSrc="images/error.gif"/>
                <object type="jsx3.gui.CheckBox">
                  <variants jsxheight="18" jsxchecked="0"/>
                  <strings jsxname="no" jsxmargin="0 4 0 0"/>
                  <events jsxtoggle="com.intalio.ria.validate(this, objEVENT, intCHECKED);"/>
                </object>
              </object>
            </object>
            <object type="jsx3.gui.Block">
              <variants jsxoverflow="2"/>
              <strings jsxname="pane" jsxwidth="100%" jsxheight="100%" jsxpadding="6px"/>
              <dynamics jsxborder="@No jsxborder"/>
              <object type="jsx3.gui.Block">
                <variants jsxrelativeposition="1" jsxoverflow="3"/>
                <strings jsxname="label" jsxtext="Ei" jsxclassname="FormLabel"/>
              </object>
            </object>
          </object>
        </object>
        <object type="jsx3.gui.Block">
          <variants jsxoverflow="2"/>
          <strings jsxname="pane" jsxwidth="100%" jsxheight="100%"/>
          <dynamics jsxborder="@No jsxborder"/>
          <object type="jsx3.gui.LayoutGrid">
            <variants jsxrelativeposition="0" jsxleft="0" jsxtop="0" jsxoverflow="2"/>
            <strings jsxname="layout ( | )" jsxcols="*" jsxwidth="100%" jsxheight="100%"/>
            <object type="jsx3.gui.Block">
              <variants jsxoverflow="2"/>
              <strings jsxname="pane" jsxwidth="100%" jsxheight="100%"/>
              <dynamics jsxborder="@No jsxborder"/>
              <object type="jsx3.gui.Button">
                <variants jsxindex="0" jsxheight="18"/>
                <strings jsxname="button" jsxtext="Poista" jsxmargin="0 4 0 0" jsxclassname=""/>
                <events jsxexecute="removeThisSection(this.getParent().getParent().getParent().getParent().getParent().getParent());"/>
              </object>
            </object>
          </object>
        </object>
      </object>
    </object>
  </object>
</serialization>